{"cameraMode":{"drawMode":0,"name":"Shaded","section":"Shading Mode"},"sceneLighting":true,"audioPlay":false,"sceneViewState":{"showFog":true,"showMaterialUpdate":false,"showSkybox":true,"showFlares":true,"showImageEffects":true,"showParticleSystems":true},"in2DMode":false,"pivot":{"x":0.5321224927902222,"y":1.1106436252593995,"z":-1.9790594577789307},"rotation":{"x":0.035431694239377978,"y":0.956189751625061,"z":-0.25969845056533816,"w":0.13045543432235719},"size":1.7882957458496094,"orthographic":false}